City_ID,City,Lat,Lng,Max Temp,Humidity,Cloudiness,Wind Speed,Country,Date
0,port blair,11.6667,92.75,31.02,74,75,7.72,IN,1690613884
1,east london,-33.0153,27.9116,17.52,82,20,7.72,ZA,1690613884
2,edinburgh of the seven seas,-37.0676,-12.3116,14.58,84,100,12.95,SH,1690613885
3,seven pagodas,12.6264,80.1722,34.03,45,100,7.57,IN,1690613885
4,gerash,27.6652,54.1371,36.08,28,6,1.81,IR,1690613886
5,adamstown,-25.066,-130.1015,18.97,61,89,12.2,PN,1690613887
6,bandarbeyla,9.4942,50.8122,29.8,51,100,13.51,SO,1690613887
7,mitsamiouli,-11.3847,43.2844,26.16,65,20,2.06,KM,1690613887
8,puerto natales,-51.7236,-72.4875,0.43,93,62,2.2,CL,1690613888
9,tiksi,71.6872,128.8694,5.85,75,1,4.57,RU,1690613888
10,blackmans bay,-43.0167,147.3167,15.07,51,1,4.02,AU,1690613889
11,hasaki,35.7333,140.8333,34.06,73,6,7.23,JP,1690613889
12,port-aux-francais,-49.35,70.2167,3.78,78,49,13.87,TF,1690613890
13,geraldton,-28.7667,114.6,19.23,68,100,6.69,AU,1690613890
14,villamontes,-21.25,-63.5,12.45,80,0,1.64,BO,1690613890
15,invercargill,-46.4,168.35,10.57,84,85,0.45,NZ,1690614164
16,olonkinbyen,70.9221,-8.7187,5.8,91,100,3.33,SJ,1690613891
17,port lincoln,-34.7333,135.8667,15.42,70,0,9.1,AU,1690613892
18,potosi,-19.5836,-65.7531,0.81,94,1,1.03,BO,1690613892
19,margaret river,-33.95,115.0667,15.26,75,100,6.66,AU,1690613892
20,waitangi,-43.9535,-176.5597,10.46,96,99,2.68,NZ,1690613893
21,kingscliff,-28.2667,153.5667,20.98,56,10,3.6,AU,1690613893
22,albany,42.6001,-73.9662,23.74,86,100,1.15,US,1690613894
23,ilulissat,69.2167,-51.1,0.84,92,57,1.54,GL,1690613894
24,andergrove,-21.0833,149.1833,22.58,76,65,4.79,AU,1690613895
25,nova sintra,14.8667,-24.7167,21.85,78,19,9.45,CV,1690613895
26,bredasdorp,-34.5322,20.0403,9.82,86,100,9.01,ZA,1690613895
27,yashkul',46.1711,45.3435,25.48,49,1,10.24,RU,1690613896
28,iskateley,67.6803,53.1512,20.88,58,89,2.97,RU,1690613896
29,port mathurin,-19.6833,63.4167,23.43,78,7,6.04,MU,1690613897
30,ribeira grande,38.5167,-28.7,23.22,94,40,3.09,PT,1690613898
31,sisimiut,66.9395,-53.6735,5.95,87,98,2.4,GL,1690613898
32,ancud,-41.8697,-73.8203,11.43,91,100,7.93,CL,1690613899
33,wailua homesteads,22.0669,-159.378,26.44,80,40,8.23,US,1690613761
34,yeppoon,-23.1333,150.7333,21.88,76,15,3.81,AU,1690613900
35,at taj,24.2049,23.2857,33.78,21,1,6.74,LY,1690613900
36,whitehorse,60.7161,-135.0538,21.43,48,20,3.09,CA,1690613900
37,badger,64.8,-147.5333,24.95,66,0,3.6,US,1690613901
38,grytviken,-54.2811,-36.5092,-1.88,85,99,4.86,GS,1690613902
39,lihue,21.9789,-159.3672,26.77,74,40,8.23,US,1690613902
40,ushuaia,-54.8,-68.3,7.81,66,40,2.06,AR,1690613902
41,wenshui,28.4506,106.5267,25.83,83,88,1.1,CN,1690613903
42,isafjordur,66.0755,-23.124,7.29,93,99,2.85,IS,1690613903
43,kontcha,7.9667,12.2333,22.65,93,100,1.44,CM,1690613904
44,diffa,13.3154,12.6113,28.75,61,17,6.78,NE,1690613904
45,puerto aysen,-45.4,-72.7,8.71,93,99,3.91,CL,1690613905
46,miri,4.4148,114.0089,32.08,79,20,2.06,MY,1690613905
47,sharanga,57.1775,46.5396,26.85,60,36,4.83,RU,1690613906
48,dudinka,69.4058,86.1778,25.9,64,51,6.71,RU,1690613906
49,aliwal north,-30.6937,26.7114,15.85,37,100,9.19,ZA,1690613906
50,itoman,26.1247,127.6694,33.01,72,75,6.69,JP,1690613907
51,beloyarskiy,63.7119,66.6722,21.53,63,100,3.54,RU,1690613907
52,mwinilunga,-11.7358,24.4293,22.14,28,0,1.93,ZM,1690613908
53,stanley,54.868,-1.6985,15.44,84,40,3.09,GB,1690613908
54,papatowai,-46.5619,169.4708,9.51,81,99,1.86,NZ,1690613909
55,west island,-12.1568,96.8225,25.99,73,40,9.26,CC,1690613909
56,antonio enes,-16.2325,39.9086,25.19,60,5,0.45,MZ,1690613909
57,bajina basta,43.9708,19.5675,23.55,65,100,1.29,RS,1690613895
58,dunedin,-45.8742,170.5036,8.22,70,100,0.45,NZ,1690613685
59,iqaluit,63.7506,-68.5145,9.85,71,75,1.03,CA,1690613880
60,yulinshi,38.2906,109.7494,27.62,42,46,5.38,CN,1690613911
61,port elizabeth,-33.918,25.5701,14.16,88,0,4.12,ZA,1690613912
62,vila do maio,15.1333,-23.2167,25.44,78,14,8.74,CV,1690613912
63,petropavlovsk-kamchatsky,53.0452,158.6483,17.33,77,20,7.0,RU,1690613913
64,tabou,4.423,-7.3528,24.71,86,100,4.24,CI,1690613913
65,broome,42.2506,-75.833,23.15,93,100,0.89,US,1690613914
66,kharp,66.8014,65.8081,20.68,49,0,5.21,RU,1690613914
67,port alfred,-33.5906,26.891,15.1,95,93,1.34,ZA,1690613915
68,madang,-5.2246,145.7966,25.96,86,100,0.65,PG,1690613915
69,mwene-ditu,-7.0,23.45,26.24,24,8,2.16,CD,1690613915
70,hawaiian paradise park,19.5933,-154.9731,25.73,85,75,2.57,US,1690613916
71,machico,32.7,-16.7667,21.51,84,20,3.6,PT,1690613916
72,punta arenas,-53.15,-70.9167,5.55,85,100,6.58,CL,1690613917
73,longyearbyen,78.2186,15.6401,6.91,93,75,2.57,SJ,1690613917
74,colonia,50.9333,6.95,19.3,90,20,1.03,DE,1690613918
75,merizo village,13.2658,144.6691,29.85,87,77,2.18,GU,1690613918
76,howard springs,-12.497,131.047,29.95,31,81,0.88,AU,1690613919
77,haiku-pauwela,20.9219,-156.3051,24.47,71,0,9.26,US,1690613919
78,turkmenbasy,40.0222,52.9552,31.43,33,0,8.75,TM,1690613919
79,george town,5.4112,100.3354,33.3,70,40,4.12,MY,1690613920
80,wynyard,-41.0,145.7167,11.69,86,16,6.27,AU,1690613920
81,cascais,38.6979,-9.4215,21.74,86,75,6.26,PT,1690613921
82,hithadhoo,-0.6,73.0833,27.9,73,99,3.81,MV,1690613921
83,puerto baquerizo moreno,-0.9,-89.6,23.57,85,100,4.07,EC,1690613922
84,chipinge,-20.1883,32.6236,21.9,31,16,1.96,ZW,1690613922
85,buckeye,33.3703,-112.5838,38.54,26,100,0.05,US,1690613922
86,flying fish cove,-10.4217,105.6791,26.82,73,75,7.72,CX,1690613923
87,anadyr,64.75,177.4833,14.28,71,20,7.6,RU,1690613923
88,mugumu,-1.85,34.7,24.23,41,79,1.68,TZ,1690613924
89,aasiaat,68.7098,-52.8699,2.55,90,100,3.01,GL,1690613925
90,kingston,17.997,-76.7936,29.53,79,20,4.63,JM,1690614242
91,saipan,15.1355,145.701,30.39,70,75,3.09,MP,1690613925
92,vorgashor,67.5833,63.95,18.65,51,0,3.9,RU,1690613926
93,qaqortoq,60.7167,-46.0333,7.17,73,99,1.13,GL,1690613926
94,jilotzingo,19.87,-99.0578,14.94,86,82,1.34,MX,1690613927
95,praia da vitoria,38.7333,-27.0667,22.14,94,20,3.58,PT,1690613927
96,utrik,11.2278,169.8474,28.32,84,91,9.75,MH,1690613928
97,truro,50.2653,-5.0544,15.42,94,75,5.66,GB,1690613928
98,arvayheer,46.2639,102.775,30.64,21,79,3.54,MN,1690613929
99,kodiak,57.79,-152.4072,11.73,100,100,2.06,US,1690613929
100,tupiza,-21.45,-65.7167,4.52,40,0,0.66,BO,1690613929
101,tolanaro,-25.0319,46.9987,23.04,60,20,7.2,MG,1690613930
102,hammerfest,70.6634,23.6821,10.25,93,75,3.6,NO,1690613930
103,talara,-4.5772,-81.2719,21.28,83,72,5.87,PE,1690613900
104,college,64.8569,-147.8028,24.99,60,75,3.6,US,1690613931
105,dakoro,14.5106,6.765,28.51,58,98,5.06,NE,1690613932
106,kuanda,56.3161,116.0806,28.35,44,83,1.6,RU,1690613932
107,agat village,13.3886,144.6585,30.06,81,100,2.06,GU,1690613933
108,dali,25.7,100.1833,21.51,79,85,1.07,CN,1690613933
109,happy valley-goose bay,53.3168,-60.3315,12.17,82,75,2.06,CA,1690613888
110,rawson,-43.3002,-65.1023,14.91,45,100,12.69,AR,1690613741
111,kerikeri,-35.2268,173.9474,8.84,82,7,2.35,NZ,1690613934
112,fuglafjordur,62.244,-6.814,13.26,98,100,7.89,FO,1690613935
113,cacu,-18.5567,-51.1308,20.45,44,100,1.56,BR,1690613935
114,huarmey,-10.0681,-78.1522,19.8,86,87,3.46,PE,1690613936
115,sao gabriel da cachoeira,-0.1303,-67.0892,22.2,99,66,0.81,BR,1690613936
116,moussoro,13.6408,16.4901,29.49,56,97,6.78,TD,1690613937
117,baker city,44.7749,-117.8344,20.1,52,0,1.54,US,1690613937
118,vila velha,-20.3297,-40.2925,19.97,94,0,2.06,BR,1690613937
119,mar del plata,-38.0023,-57.5575,7.83,90,0,5.66,AR,1690613938
120,tommot,58.9564,126.2925,24.99,48,30,3.63,RU,1690613939
121,yellowknife,62.456,-114.3525,16.29,77,100,2.57,CA,1690613939
122,ponta delgada,37.7333,-25.6667,21.4,88,20,0.0,PT,1690613940
123,vadso,70.0744,29.7487,12.09,94,100,2.57,NO,1690613940
124,lompoc,34.6391,-120.4579,15.08,93,100,1.54,US,1690613941
125,taybad,34.74,60.7756,35.4,17,0,9.06,IR,1690613941
126,sidney,-33.8679,151.2073,21.84,61,0,5.14,AU,1690613865
127,aguada de pasajeros,22.385,-80.8508,24.59,90,98,2.39,CU,1690613942
128,pickering,43.9001,-79.1329,25.15,87,100,1.03,CA,1690613848
129,noshiro,40.2039,140.0242,32.46,69,1,2.71,JP,1690613943
130,megion,61.0296,76.1136,22.01,68,97,2.9,RU,1690613943
131,mugia,43.1041,-9.2179,19.39,90,4,1.54,ES,1690613944
132,daru,-9.0763,143.2092,25.46,84,82,8.01,PG,1690613944
133,tazovsky,67.4667,78.7,16.81,83,100,2.49,RU,1690613945
134,karratha,-20.7377,116.8463,25.97,28,6,4.02,AU,1690613945
135,conception bay south,47.4999,-52.9981,15.53,91,66,2.47,CA,1690613946
136,mairang,25.5667,91.6333,23.95,84,96,1.21,IN,1690613946
137,pangody,65.85,74.4859,16.93,92,100,5.42,RU,1690613946
138,joaima,-16.6542,-41.0306,17.01,95,50,0.28,BR,1690613947
139,dedovichi,57.5517,29.9502,17.7,66,64,4.71,RU,1690613947
140,markdorf,47.7167,9.4,19.21,94,100,1.03,DE,1690613948
141,monte alegre de sergipe,-10.0272,-37.5622,17.57,95,0,1.88,BR,1690613948
142,tazacorte,28.629,-17.9293,22.54,82,75,5.66,ES,1690613949
143,challapata,-18.9,-66.7667,2.71,82,6,3.09,BO,1690613949
144,kapuskasing,49.4169,-82.4331,9.05,93,0,2.06,CA,1690613950
145,montepuez,-13.1256,38.9997,24.19,46,4,2.33,MZ,1690613950
146,thinadhoo,0.5333,72.9333,28.27,71,100,2.81,MV,1690613951
147,sinnar,13.5691,33.5672,32.73,44,94,7.27,SD,1690613951
148,princeville,45.7668,-61.2985,21.29,93,0,1.54,CA,1690613951
149,laojunmiao,39.8333,97.7333,31.97,16,1,8.63,CN,1690613952
150,priargunsk,50.3691,119.1012,27.09,43,81,2.67,RU,1690613952
151,rouissat,31.9243,5.3502,32.04,12,0,0.0,DZ,1690613953
152,sovetskaya gavan',48.9723,140.2878,18.14,99,100,1.16,RU,1690613953
153,klaksvik,62.2266,-6.589,13.51,97,100,9.29,FO,1690613954
154,berezovyy,51.6667,135.7,30.16,40,55,2.87,RU,1690613954
155,jamestown,42.097,-79.2353,22.77,98,100,3.09,US,1690613699
156,cill airne,52.05,-9.5167,13.82,90,97,4.7,IE,1690613955
157,arraial do cabo,-22.9661,-42.0278,20.83,92,6,7.73,BR,1690613955
158,sitka,57.0531,-135.33,16.94,77,20,4.63,US,1690613956
159,newman,37.3138,-121.0208,26.13,61,0,1.96,US,1690613956
160,nanao,37.05,136.9667,35.18,64,8,2.28,JP,1690613957
161,bandon,51.7469,-8.7425,12.77,85,39,6.71,IE,1690614272
162,kapa'a,22.0752,-159.319,27.18,80,40,8.23,US,1690613958
163,thompson,55.7435,-97.8558,13.09,82,40,3.09,CA,1690613958
164,fortuna,40.5982,-124.1573,14.51,100,100,2.57,US,1690613752
165,uturoa,-16.7333,-151.4333,26.32,78,7,3.42,PF,1690613959
166,dolores,-36.3132,-57.6792,5.93,94,8,4.31,AR,1690613959
167,abeche,13.8292,20.8324,27.01,55,0,3.09,TD,1690613960
168,figuig (centre),32.1089,-1.2286,34.65,13,92,1.01,MA,1690613960
169,kurtamysh,54.9103,64.4319,26.64,44,4,6.62,RU,1690613961
170,choma,-16.8065,26.9531,20.04,39,3,3.09,ZM,1690613961
171,chonchi,-42.6128,-73.8092,11.73,89,97,4.99,CL,1690613962
172,susuman,62.7833,148.1667,17.63,37,100,2.58,RU,1690613962
173,kiama,-34.6833,150.8667,20.81,69,0,2.9,AU,1690613962
174,chios,38.3678,26.1358,25.6,51,0,6.38,GR,1690613963
175,abepura,-2.6333,140.5833,30.45,66,20,3.6,ID,1690613963
176,mahalapye,-23.1041,26.8142,19.25,30,23,7.46,BW,1690613718
177,abbeville,50.1,1.8333,18.61,88,98,5.68,FR,1690613964
178,udachny,66.4167,112.4,26.36,27,0,2.38,RU,1690613964
179,tocopilla,-22.092,-70.1979,17.44,74,17,2.37,CL,1690613965
180,san antonio de pale,-1.4014,5.6325,22.7,84,100,5.96,GQ,1690613965
181,nsanje,-16.92,35.262,25.84,50,0,0.95,MW,1690613966
182,perevolotskiy,51.8763,54.1938,32.48,27,38,4.53,RU,1690613966
183,baganga,7.5739,126.56,28.15,77,100,0.76,PH,1690613967
184,holualoa,19.6228,-155.9522,25.91,83,100,2.57,US,1690613967
185,fort bragg,35.139,-79.006,26.32,87,100,3.6,US,1690613968
186,merowe,18.4833,31.8167,39.36,24,33,5.2,SD,1690613968
187,bilibino,68.0546,166.4372,10.08,93,100,0.35,RU,1690613969
188,turpan,42.9333,89.1667,38.21,19,100,5.39,CN,1690613969
189,hermanus,-34.4187,19.2345,10.45,80,100,10.24,ZA,1690613970
190,enewetak,11.3474,162.3373,28.06,82,100,9.26,MH,1690613970
191,motygino,58.1831,94.7592,28.13,37,100,3.2,RU,1690613971
192,palmer,42.1584,-72.3287,24.36,85,0,2.06,US,1690613907
193,minas de marcona,-15.2119,-75.1103,13.11,81,7,2.69,PE,1690613972
194,soio,-6.1349,12.3689,21.18,77,70,3.13,AO,1690613972
195,nizhnyaya tavda,57.6731,66.1725,25.84,47,61,5.52,RU,1690613973
196,tura,25.5198,90.2201,30.13,73,99,2.17,IN,1690613973
197,bonthe,7.5264,-12.505,24.63,91,99,4.74,SL,1690613974
198,sunne,59.8376,13.143,14.18,61,0,1.81,SE,1690613974
199,kununurra,-15.7667,128.7333,32.99,31,99,4.12,AU,1690613975
200,ivolginsk,51.7492,107.2837,32.81,35,20,3.0,RU,1690613975
201,uvinza,-5.1036,30.3911,25.52,36,9,3.02,TZ,1690613976
202,tual,-5.6667,132.75,26.19,87,55,9.78,ID,1690613976
203,maposeni,-10.5833,35.4,18.53,47,0,1.47,TZ,1690613976
204,sinabang,2.4803,96.3801,29.91,65,93,0.55,ID,1690613977
205,tromso,69.6496,18.957,11.88,76,75,5.14,NO,1690613977
206,hadibu,12.65,54.0333,27.17,70,61,14.73,YE,1690613978
207,qamdo,31.1667,97.2333,16.4,36,71,1.4,CN,1690613978
208,twon-brass,4.3151,6.2418,24.98,89,100,6.1,NG,1690613978
209,fuerte olimpo,-21.0415,-57.8738,16.45,93,0,2.64,PY,1690613979
210,puerto ayora,-0.7393,-90.3518,24.19,92,35,0.89,EC,1690613979
211,nichinan,31.6,131.3667,29.82,72,5,3.95,JP,1690613980
212,greymouth,-42.4667,171.2,6.87,85,90,1.06,NZ,1690613980
213,san nicolas de los arroyos,-33.3358,-60.2252,10.03,78,93,2.34,AR,1690613981
214,cadale,2.7603,46.3222,26.82,72,16,7.77,SO,1690613981
215,imeko,7.45,2.85,22.98,95,100,1.7,NG,1690613981
216,fale old settlement,-9.3852,-171.2468,28.73,75,16,8.51,TK,1690613982
217,igarka,67.4667,86.5833,23.0,65,56,2.64,RU,1690613982
218,mejit,10.2753,170.8646,28.35,84,100,9.83,MH,1690613983
219,artigas,-30.4,-56.4667,6.23,89,55,3.53,UY,1690613983
220,pacific grove,36.6177,-121.9166,15.45,89,0,3.09,US,1690613852
221,lagoa,39.05,-27.9833,22.01,91,2,2.14,PT,1690613984
222,sandnessjoen,66.0217,12.6316,14.29,88,100,1.0,NO,1690613984
223,callao,-12.0667,-77.15,20.4,77,100,4.12,PE,1690613985
224,shahrud,36.4182,54.9763,30.84,19,0,7.19,IR,1690613985
225,uchiza,-8.4592,-76.4633,20.75,91,71,1.02,PE,1690613986
226,wakkanai,45.4094,141.6739,24.99,83,75,8.23,JP,1690613986
227,hamilton,39.1834,-84.5333,27.47,84,0,3.6,US,1690613751
228,majene,-3.5403,118.9707,28.87,64,8,4.49,ID,1690613987
229,strezhevoy,60.7333,77.5889,22.55,59,100,0.55,RU,1690613987
230,atafu village,-8.5421,-172.5159,28.47,74,10,7.23,TK,1690613988
231,forest grove,45.5198,-123.1107,19.12,70,0,0.45,US,1690613988
232,swakopmund,-22.6833,14.5333,12.21,82,86,0.89,NA,1690613938
233,bhairab bazar,24.0667,90.9667,32.06,63,100,5.58,BD,1690613989
234,ouro preto do oeste,-10.7481,-62.2158,21.7,51,100,1.88,BR,1690613989
235,madera,37.1666,-119.8343,29.02,31,91,1.57,US,1690613990
236,christchurch,-43.5333,172.6333,7.73,83,100,2.57,NZ,1690613940
237,horsham,51.064,-0.3272,18.02,85,40,2.57,GB,1690613991
238,canitas de felipe pescador,23.6,-102.7167,16.65,71,76,8.29,MX,1690613991
239,pontes e lacerda,-15.2261,-59.3353,20.01,80,100,1.43,BR,1690613992
240,naama,33.2667,-0.3167,29.63,12,91,2.86,DZ,1690613992
241,champerico,14.3,-91.9167,28.27,78,100,1.1,GT,1690613992
242,banda aceh,5.5577,95.3222,31.31,61,50,8.21,ID,1690613993
243,pisco,-13.7,-76.2167,19.03,82,100,3.09,PE,1690613994
244,nabire,-3.3667,135.4833,29.01,78,99,1.83,ID,1690613995
245,la'ie,21.6477,-157.9253,26.98,73,100,2.24,US,1690613996
246,nova vicosa,-17.8919,-39.3719,19.62,89,100,1.99,BR,1690613996
247,kurinjippadi,11.5667,79.6,36.01,39,68,5.65,IN,1690613997
248,san jose del guaviare,2.5729,-72.6459,21.5,99,94,1.07,CO,1690613997
249,dryden,49.7833,-92.7503,13.16,82,0,2.57,CA,1690613998
250,antofagasta,-23.65,-70.4,16.6,85,57,2.31,CL,1690613763
251,yonggwang-up,40.0183,127.4547,28.62,77,100,2.12,KP,1690613998
252,mukalla,14.5425,49.1242,33.11,56,12,7.47,YE,1690613999
253,luwuk,-0.9516,122.7875,28.88,66,93,4.24,ID,1690613999
254,vilyuchinsk,52.9306,158.4028,18.15,88,50,2.63,RU,1690614000
255,talnakh,69.4865,88.3972,25.67,52,96,6.35,RU,1690614001
256,baiti,13.745,-14.7482,25.18,88,100,1.86,SN,1690614001
257,uliastay,47.7417,96.8444,31.97,14,99,8.96,MN,1690613896
258,al ghayzah,16.2079,52.176,30.25,65,91,3.03,YE,1690614004
259,st. john's,47.5649,-52.7093,15.66,87,0,2.06,CA,1690614000
260,luruaco,10.6092,-75.1431,26.79,86,67,3.9,CO,1690614006
261,chuka,-0.3332,37.6459,22.86,63,41,2.52,KE,1690614007
262,aripuana,-9.1667,-60.6333,20.29,50,94,1.12,BR,1690614008
263,abadan,30.3392,48.3043,40.97,10,0,5.14,IR,1690614008
264,yuzhno-kurilsk,44.0306,145.8556,19.74,84,100,1.66,RU,1690614009
265,brisas barra de suchiate,14.55,-92.2167,25.69,88,99,1.53,MX,1690614010
266,kyakhta,50.3508,106.4494,31.45,37,77,3.76,RU,1690614010
267,dem'yanovo,60.3511,47.0842,26.8,63,100,4.12,RU,1690614011
268,east pensacola heights,30.4288,-87.18,28.33,89,0,0.0,US,1690614011
269,remire-montjoly,4.9167,-52.2667,23.02,100,62,0.0,GF,1690614012
270,san lawrenz,36.0553,14.204,28.67,77,0,1.91,MT,1690614012
271,valparaiso,-33.0393,-71.6273,15.0,64,0,1.03,CL,1690614006
272,kitgum,3.2783,32.8867,22.66,83,100,1.55,UG,1690614014
273,acapulco de juarez,16.8634,-99.8901,27.4,81,0,2.07,MX,1690613813
274,atar,20.5169,-13.0499,32.03,22,21,1.85,MR,1690614015
275,kamin-kashyrskyi,51.6241,24.9586,16.34,86,100,3.62,UA,1690614016
276,san patricio,28.017,-97.5169,28.92,84,6,3.39,US,1690614016
277,mount pleasant,32.7941,-79.8626,27.21,97,75,0.89,US,1690613915
278,coquimbo,-29.9533,-71.3436,13.86,89,4,2.29,CL,1690614012
279,palikir - national government center,6.9248,158.1611,28.41,84,100,1.54,FM,1690614018
280,catio,11.2833,-15.25,24.5,95,100,1.82,GW,1690614019
281,buon ma thuot,12.6667,108.05,26.23,93,99,2.41,VN,1690613839
282,dyurtyuli,55.4911,54.8688,30.66,39,4,3.39,RU,1690614020
283,mahbubabad,17.6167,80.0167,30.21,72,100,7.01,IN,1690614020
284,konarka,19.9,86.1167,31.22,55,100,3.85,IN,1690614021
285,pontianak,-0.0333,109.3333,30.99,58,40,2.06,ID,1690614021
286,ciudad bolivar,8.1222,-63.5497,25.96,86,100,3.28,VE,1690614022
287,crane,31.3974,-102.3501,27.32,34,0,3.9,US,1690614022
288,beledweyne,4.7358,45.2036,27.3,55,100,8.71,SO,1690614023
289,penrith,54.6658,-2.7576,15.56,86,16,3.8,GB,1690614023
290,as saffaniyah,27.9708,48.73,45.46,7,0,5.26,SA,1690614024
291,inhambane,-23.865,35.3833,17.99,93,0,0.0,MZ,1690614024
292,al jawf,29.5,38.75,34.65,13,0,5.59,SA,1690614025
293,phalodi,27.1333,72.3667,33.43,54,100,7.59,IN,1690614026
294,ta`u,-14.2336,-169.5144,27.26,76,100,8.91,AS,1690614027
295,coari,-4.085,-63.1414,23.25,62,10,1.24,BR,1690614028
296,belyy yar,53.6039,91.3903,21.94,64,75,2.0,RU,1690614029
297,bargarh,21.3333,83.6167,33.49,65,100,3.76,IN,1690614029
298,alenquer,-1.9417,-54.7383,24.0,76,88,0.91,BR,1690614030
299,kandahar,31.0,65.75,36.24,12,5,8.97,AF,1690614329
300,faya-largeau,17.9257,19.1043,26.94,34,0,0.0,TD,1690614031
301,kourou,5.1552,-52.6478,23.03,95,100,2.37,GF,1690614032
302,hohhot,40.8106,111.6522,29.16,48,0,2.0,CN,1690614033
303,maragogi,-9.0122,-35.2225,22.72,90,83,2.42,BR,1690614034
304,kalmunai,7.4167,81.8167,35.91,40,5,5.01,LK,1690614035
305,valentin gomez farias,28.2167,-106.5833,20.23,36,0,1.27,MX,1690614035
306,kaihua,23.3687,104.28,26.77,65,100,3.87,CN,1690614036
307,sao francisco do sul,-26.2433,-48.6381,13.55,97,100,0.51,BR,1690614036
308,bacalar,18.6667,-88.3833,24.75,98,100,1.16,MX,1690614037
309,ust-nera,64.5667,143.2,16.7,53,100,2.82,RU,1690614037
310,bakchar,57.0186,82.0711,26.18,45,100,1.12,RU,1690614038
311,mansa,29.9833,75.3833,36.41,45,6,2.26,IN,1690614038
312,lodwar,3.1191,35.5973,29.14,45,20,3.67,KE,1690614039
313,ascension,30.2169,-90.9001,26.72,92,0,0.0,US,1690614039
314,teruel,40.6667,-0.6667,20.58,62,0,2.92,ES,1690614040
315,iquitos,-3.7481,-73.2472,23.02,94,100,1.54,PE,1690614040
316,pandan,14.0453,124.1694,29.42,75,100,4.48,PH,1690614041
317,morada nova,-5.1067,-38.3725,21.49,81,67,1.83,BR,1690614042
318,la passe,45.5549,-0.8967,20.13,82,100,5.17,FR,1690614042
319,vesele,47.0148,34.915,22.41,43,100,4.56,UA,1690614043
320,fiditi,7.7136,3.9172,22.56,96,100,1.79,NG,1690614043
321,ambalavao,-21.8333,46.9333,17.51,51,0,2.06,MG,1690614043
322,winnemucca,40.973,-117.7357,24.03,16,0,2.57,US,1690614044
323,waingapu,-9.6567,120.2641,25.16,80,8,8.71,ID,1690614044
324,mount pearl,47.5166,-52.7813,15.19,87,0,2.06,CA,1690614045
325,afaahiti,-17.75,-149.2833,21.93,86,89,10.72,PF,1690614045
326,kangal,39.2335,37.3911,19.58,36,0,2.68,TR,1690614046
327,vilyuysk,63.7553,121.6247,25.93,28,1,3.28,RU,1690614046
328,pierre,44.3683,-100.351,19.6,81,87,4.92,US,1690614047
329,linxia chengguanzhen,35.6003,103.2064,28.72,28,0,1.73,CN,1690614047
330,inarajan village,13.2736,144.7484,30.08,87,82,1.92,GU,1690614048
331,carnarvon,-24.8667,113.6333,17.84,60,0,6.93,AU,1690614048
332,sosnovo-ozerskoye,52.5249,111.5418,27.68,40,30,1.49,RU,1690614049
333,chikwawa,-16.0335,34.8009,26.37,37,47,1.18,MW,1690614049
334,puerto san jose,13.9256,-90.8244,25.51,95,100,1.87,GT,1690614050
335,kasamwa,-2.85,32.4333,25.86,40,87,3.31,TZ,1690614050
336,nizhnesortymskiy,62.4397,71.7603,23.31,59,88,4.27,RU,1690614051
337,beau vallon,-20.4189,57.6953,25.68,69,40,5.14,MU,1690614051
338,kem',64.9555,34.5793,18.28,61,14,6.12,RU,1690614052
339,port-vila,-17.7338,168.3219,21.78,68,20,5.14,VU,1690614052
340,sitia,35.2,26.0986,29.99,69,0,8.05,GR,1690614053
341,georgetown,5.4112,100.3354,33.3,70,40,4.12,MY,1690613765
342,brive-la-gaillarde,45.25,1.5,19.35,59,63,0.09,FR,1690614054
343,salym,60.0625,71.4789,22.1,69,100,2.96,RU,1690614054
344,cut off,29.5427,-90.3381,27.22,83,1,0.94,US,1690614054
345,sampit,-2.5333,112.95,33.22,38,9,2.75,ID,1690614055
346,constantia,44.1833,28.65,24.38,27,0,2.29,RO,1690614055
347,veinticinco de mayo,-35.4323,-60.1727,6.66,91,71,1.79,AR,1690614056
348,genhe,50.7833,121.5167,22.59,73,22,2.82,CN,1690614057
349,caconda,-13.7333,15.0667,18.23,52,100,1.23,AO,1690614057
350,kiunga,-6.1219,141.2906,25.76,96,99,1.0,PG,1690614057
351,tchintabaraden,15.8969,5.7985,31.26,46,25,7.06,NE,1690614058
352,itaituba,-4.2761,-55.9836,25.79,49,100,0.6,BR,1690614059
353,as sulayyil,20.4607,45.5779,38.14,9,15,3.92,SA,1690614059
354,bodaybo,57.8506,114.1933,25.99,66,100,1.87,RU,1690614060
355,aksuat,48.7167,83.7,25.44,38,4,1.89,KZ,1690614060
356,dakhla,23.6848,-15.958,20.01,83,0,11.32,EH,1690614061
357,tomatlan,19.9333,-105.25,23.5,93,76,1.34,MX,1690614061
358,vernon,50.2581,-119.2691,22.2,43,52,3.09,CA,1690614059
359,yazman,29.1212,71.7446,37.78,43,10,5.89,PK,1690614062
360,porto torres,40.835,8.3972,23.1,54,0,1.97,IT,1690614063
361,bandundu,-3.3167,17.3667,25.97,61,5,2.97,CD,1690614068
362,hotan,37.0997,79.9269,25.33,47,100,9.59,CN,1690614071
363,conduaga,8.862,117.4893,30.46,64,99,4.71,PH,1690614074
364,bahia de caraquez,-0.6,-80.4167,25.1,86,100,2.74,EC,1690614075
365,gadzhiyevo,69.2551,33.3362,15.58,81,100,4.23,RU,1690614075
366,luena,-11.7833,19.9167,16.1,48,0,2.57,AO,1690614076
367,nagqu,31.5,92.0,16.11,34,72,1.68,CN,1690614076
368,brookings,44.3114,-96.7984,18.39,88,0,1.54,US,1690613853
369,frontera,26.9333,-101.45,27.72,53,2,2.24,MX,1690614077
370,tagiura,32.8817,13.3506,32.85,40,0,1.88,LY,1690614077
371,kodinsk,58.6881,99.1844,30.35,30,31,2.29,RU,1690614078
372,gotse delchev,41.5667,23.7333,25.65,39,0,0.65,BG,1690614078
373,port douglas,-16.4833,145.4667,22.67,80,46,6.28,AU,1690614079
374,borzya,50.3833,116.5167,27.85,36,18,4.67,RU,1690614079
375,vila franca do campo,37.7167,-25.4333,21.23,88,60,3.02,PT,1690614080
376,kabul,34.5,69.4167,28.49,20,0,2.0,AF,1690614080
377,kavaratti,10.5669,72.642,28.33,77,14,7.41,IN,1690614081
378,cradock,-32.1642,25.6192,12.97,57,97,3.09,ZA,1690614081
379,nemuro,43.3236,145.575,20.34,87,100,3.17,JP,1690614081
380,paide,58.8856,25.5572,17.09,72,41,3.84,EE,1690614082
381,homer,59.6425,-151.5483,15.45,84,100,2.68,US,1690614082
382,khandyga,62.6667,135.6,25.66,26,97,1.77,RU,1690614083
383,saint-joseph,-21.3667,55.6167,24.15,63,16,4.71,RE,1690614083
384,fort mcmurray,56.7268,-111.381,13.77,82,0,3.6,CA,1690614084
385,roma,43.2128,-75.4557,23.26,94,0,1.54,US,1690614084
386,ljusdal,61.8288,16.0913,15.28,72,100,2.61,SE,1690614085
387,zlynka,52.4267,31.7378,20.02,61,8,2.64,RU,1690614085
388,andalgala,-27.5819,-66.3165,12.37,42,4,0.75,AR,1690614086
389,broken hill,-31.95,141.4333,19.45,37,0,3.44,AU,1690614067
390,burang,30.25,81.1667,12.82,77,100,3.79,CN,1690614087
391,midvagur,62.0511,-7.1939,13.46,88,100,9.77,FO,1690614088
392,soledad de doblado,19.05,-96.4167,24.47,96,46,1.96,MX,1690614089
393,oodweyne,9.4092,45.064,25.36,53,98,12.79,SO,1690614089
394,cururupu,-1.8283,-44.8683,22.91,97,16,1.52,BR,1690613978
395,kolonia,50.9333,6.95,19.77,90,20,1.03,DE,1690614010
396,goundi,9.3627,17.366,26.09,74,48,1.87,TD,1690614091
397,san felice circeo,41.2372,13.0942,26.43,74,6,0.45,IT,1690614091
398,baiyin,36.5583,104.2081,28.99,32,0,2.36,CN,1690614067
399,saint-francois,46.4154,3.9054,18.69,88,0,2.06,FR,1690614093
400,suances,43.4334,-4.0434,22.84,90,75,0.0,ES,1690614093
401,laguna,38.421,-121.4238,24.14,44,0,4.12,US,1690614094
402,zima,53.9202,102.0442,27.72,43,98,3.94,RU,1690614095
403,zaysan,47.4667,84.8667,27.22,30,41,6.32,KZ,1690614096
404,antsiranana,-12.2787,49.2917,26.42,41,20,9.26,MG,1690614096
405,casablanca,33.5928,-7.6192,21.19,88,40,1.03,MA,1690614097
406,hede,33.7681,120.2517,26.83,88,100,8.61,CN,1690614097
407,lagoa vermelha,-28.2086,-51.5258,3.37,97,12,2.38,BR,1690614098
408,cabo san lucas,22.8909,-109.9124,30.9,63,90,0.45,MX,1690613919
409,jianshui,23.6363,102.8264,26.64,70,99,1.48,CN,1690614098
410,asilah,35.465,-6.0348,20.98,70,0,1.79,MA,1690614099
411,beitbridge,-22.2167,30.0,21.01,37,37,1.36,ZW,1690614099
412,avarua,-21.2078,-159.775,23.03,73,100,4.63,CK,1690614100
413,yokadouma,3.5167,15.05,22.95,95,91,1.37,CM,1690614100
414,miles city,46.4083,-105.8406,19.88,72,100,5.49,US,1690614101
415,turuntayevo,52.2,107.6167,33.05,34,43,2.52,RU,1690614101
416,guli,28.8833,120.0333,27.14,74,100,4.39,CN,1690613847
417,mao,39.8885,4.2658,26.31,89,20,2.57,ES,1690614102
418,smithers,54.7804,-127.1743,15.18,77,0,0.0,CA,1690614103
419,pitimbu,-7.4706,-34.8086,21.33,85,59,4.69,BR,1690614103
420,porto novo,6.4965,2.6036,24.9,91,100,1.99,BJ,1690614104
421,santa maria,-29.6842,-53.8069,6.44,97,7,2.34,BR,1690613824
422,santiago de cao,-7.9589,-79.2392,21.07,88,100,3.6,PE,1690614104
423,marsh harbour,26.5412,-77.0636,28.96,76,14,5.81,BS,1690614105
424,tete,-16.1564,33.5867,23.05,60,0,0.0,MZ,1690614120
425,carlsbad,33.1581,-117.3506,23.8,90,35,0.92,US,1690614001
426,lebu,-37.6167,-73.65,11.77,89,100,3.46,CL,1690614106
427,el calafate,-50.3408,-72.2768,2.61,84,32,0.79,AR,1690614107
428,port moresby,-9.4431,147.1797,27.68,74,75,5.14,PG,1690613806
429,preobrazheniye,42.9019,133.9064,26.6,68,54,5.9,RU,1690614108
430,aswan,24.0934,32.907,37.61,12,0,3.09,EG,1690614108
431,rabo de peixe,37.8,-25.5833,20.73,88,20,0.0,PT,1690614109
432,zhumysker,49.3333,49.4,28.23,46,100,5.4,KZ,1690614109
433,narasannapeta,18.4167,84.05,33.54,63,100,3.88,IN,1690614110
434,muroto-misakicho,33.2833,134.15,28.51,74,49,3.92,JP,1690614110
435,santa rosa,14.3122,121.1114,27.84,75,95,5.72,PH,1690614110
436,hakui,36.8833,136.7833,34.58,67,34,2.28,JP,1690614111
437,hrodna,53.6884,23.8258,16.92,82,75,4.0,BY,1690614112
438,antalaha,-14.9003,50.2788,24.75,53,11,5.39,MG,1690614112
439,bonab,37.3404,46.0561,31.25,25,20,7.2,IR,1690614112
440,vrangel',42.7297,133.0839,23.14,83,75,3.59,RU,1690614113
441,latehar,23.75,84.5,33.85,54,100,1.94,IN,1690614113
442,fauske,67.2588,15.3918,17.19,87,86,0.76,NO,1690614114
443,nuuk,64.1835,-51.7216,9.34,87,75,4.12,GL,1690614114
444,pathein,16.7833,94.7333,31.12,68,75,7.17,MM,1690614115
445,kalabo,-14.97,22.6814,21.45,27,5,4.08,ZM,1690614115
446,cabugao,17.7931,120.4578,29.92,75,100,4.9,PH,1690614116
447,maymana,35.9214,64.7836,33.53,20,2,3.47,AF,1690614116
448,ashchysay,43.5542,68.8889,30.29,16,0,10.83,KZ,1690614117
449,shelby,35.2001,-89.8668,27.25,89,0,0.0,US,1690614117
450,paracuru,-3.41,-39.0306,26.73,86,30,5.56,BR,1690614118
451,tacuarembo,-31.7333,-55.9833,4.72,90,7,1.92,UY,1690614086
452,myshkin,57.7897,38.4545,16.37,75,100,2.98,RU,1690614119
453,bengkulu,-3.8004,102.2655,28.28,75,100,5.09,ID,1690614119
454,alice springs,-23.7,133.8833,23.75,46,75,3.09,AU,1690614012
455,fada,9.5667,8.3,21.29,93,100,0.21,NG,1690614120
456,pitoa,9.3833,13.5333,24.85,77,100,2.73,CM,1690614120
457,lityn,49.3251,28.0809,22.12,58,1,4.52,UA,1690614121
458,yavoriv,49.9386,23.3825,20.21,76,17,3.14,UA,1690614122
459,saldanha,-33.0117,17.9442,10.03,84,100,9.04,ZA,1690614122
460,pemangkat,1.1667,108.9667,30.54,59,100,6.31,ID,1690614123
461,manokwari,-0.8667,134.0833,28.21,78,74,2.25,ID,1690614124
462,gewane,10.1664,40.6453,30.65,44,98,8.3,ET,1690614124
463,batac city,18.0554,120.5649,29.88,79,75,5.14,PH,1690614125
464,touros,-5.1989,-35.4608,23.88,84,56,8.37,BR,1690614026
465,pavlodar,52.3,76.95,32.89,27,0,7.0,KZ,1690614125
466,cuamba,-14.8031,36.5372,23.61,46,6,2.38,MZ,1690614126
467,azhikkal,11.9,75.3667,29.41,65,79,5.13,IN,1690614126
468,lucapa,-8.4192,20.7447,25.78,24,7,1.54,AO,1690614127
469,changqing,36.5575,116.7272,26.08,92,100,2.67,CN,1690614128
470,galvez,-32.0293,-61.221,8.28,76,9,3.58,AR,1690614128
471,usinsk,65.9939,57.5281,22.19,52,32,1.07,RU,1690614129
472,tubmanburg,6.8708,-10.8172,22.97,97,100,0.92,LR,1690614129
473,kavieng,-2.5744,150.7967,28.03,76,94,2.35,PG,1690614129
474,prado,-17.3411,-39.2208,19.27,91,100,1.3,BR,1690614132
475,tarhuna,32.435,13.6332,33.78,23,0,3.57,LY,1690614133
476,port saint john's,-31.6229,29.5448,20.8,75,17,4.82,ZA,1690614134
477,carolina,18.3808,-65.9574,28.35,93,20,3.09,PR,1690614134
478,kyzyl,51.7,94.45,30.65,30,100,0.92,RU,1690614136
479,nelson bay,-32.7167,152.15,22.03,74,84,4.47,AU,1690614137
480,kasangulu,-4.5911,15.1708,21.52,65,62,1.85,CD,1690614138
481,tefe,-3.3542,-64.7114,24.14,63,68,0.47,BR,1690614139
482,charlottetown,46.2352,-63.1267,21.16,96,100,5.14,CA,1690613874
483,warrnambool,-38.3833,142.4833,14.01,76,2,6.86,AU,1690614141
484,lazaro cardenas,17.9583,-102.2,26.33,86,33,1.46,MX,1690614142
485,hyderabad,17.3753,78.4744,28.23,69,75,6.17,IN,1690614023
486,vanino,49.0869,140.2543,18.86,98,100,1.09,RU,1690614143
487,berlin,52.5244,13.4105,22.19,89,0,3.13,DE,1690613894
488,floro,61.5996,5.0328,15.98,82,40,0.0,NO,1690614144
489,queenstown,-31.8976,26.8753,17.53,39,85,7.6,ZA,1690614144
490,ghadamis,30.1337,9.5007,36.23,19,0,3.96,LY,1690614145
491,eyl,7.9803,49.8164,27.99,55,100,12.31,SO,1690614145
492,dauphin,51.1494,-100.0502,8.08,100,0,2.57,CA,1690614122
493,silver springs shores,29.1044,-82.0206,25.53,89,1,1.91,US,1690614146
494,la troncal,-2.4,-79.3333,23.23,90,42,0.31,EC,1690614147
495,sao joao da barra,-21.6403,-41.0511,20.35,89,83,6.57,BR,1690614147
496,codrington,-38.2667,141.9667,13.73,71,0,6.45,AU,1690614148
497,lycksele,64.5954,18.6735,17.46,72,75,5.66,SE,1690614148
498,walvis bay,-22.9575,14.5053,12.27,78,83,5.61,NA,1690614149
499,priob'ye,62.5206,65.5964,23.6,49,0,7.23,RU,1690614149
500,hami,42.8,93.45,43.13,7,100,12.22,CN,1690614149
501,springs,-26.25,28.4,15.18,70,100,5.99,ZA,1690614031
502,staraya kulatka,52.7167,47.6167,29.83,35,100,5.82,RU,1690614150
503,nuku'alofa,-21.1333,-175.2,18.19,82,20,1.54,TO,1690614145
504,shache,38.4167,77.2406,31.13,27,100,4.41,CN,1690614151
505,tralee,52.2704,-9.7026,14.0,90,56,6.71,IE,1690614412
506,sosnytsya,51.5239,32.4999,20.6,54,15,2.31,UA,1690614152
507,puerto lempira,15.2667,-83.7667,25.37,93,100,3.55,HN,1690614153
508,abhar,36.1468,49.218,26.56,40,58,3.96,IR,1690614153
509,union,40.6334,-74.2663,27.94,78,0,2.06,US,1690614153
510,itaueira,-7.6033,-43.0256,23.06,63,0,4.09,BR,1690614154
511,guerrero negro,27.9769,-114.0611,20.7,80,7,3.59,MX,1690614154
512,mount isa,-20.7333,139.5,29.87,26,5,2.57,AU,1690614155
513,sarmiento,-45.5882,-69.07,9.36,65,0,15.36,AR,1690614155
514,cidreira,-30.1811,-50.2056,10.13,77,74,2.93,BR,1690614156
515,arawa,-6.2132,155.5367,26.28,89,100,0.85,PG,1690614156
516,usogorsk,63.4106,48.6872,25.95,58,9,4.97,RU,1690614157
517,vernal,40.4555,-109.5287,24.25,36,0,1.54,US,1690614157
518,wewak,-3.5534,143.6268,28.29,78,93,4.27,PG,1690614158
519,trairi,-3.2778,-39.2689,24.63,87,60,4.69,BR,1690613908
520,yanqul,23.5905,56.5501,38.2,32,82,3.19,OM,1690614159
521,tsiombe,-25.3,45.4833,23.55,45,0,2.53,MG,1690614159
522,bam,29.106,58.357,38.28,16,5,4.35,IR,1690614160
523,kargat,55.1956,80.2811,20.08,72,100,0.41,RU,1690614160
524,akureyri,65.6835,-18.0878,8.96,87,100,2.57,IS,1690614161
525,bhamo,24.2667,97.2333,26.38,94,100,0.84,MM,1690614161
526,birao,10.2849,22.7882,25.65,78,100,1.81,CF,1690614161
527,keflavik,64.0049,-22.5624,11.24,82,0,3.09,IS,1690614162
528,oroqen zizhiqi,50.5667,123.7167,23.79,61,100,1.87,CN,1690614162
529,shantobe,52.4581,68.1839,27.61,36,33,6.25,KZ,1690614163
530,lata,40.1629,-8.3327,20.6,89,98,0.58,PT,1690614163
531,emerald,-23.5333,148.1667,24.08,39,6,3.03,AU,1690614164
532,belel,7.05,14.4333,19.03,85,61,0.96,CM,1690614164
533,bocas del toro,9.3333,-82.25,23.89,80,95,1.79,PA,1690614164
534,bima,-8.4667,118.7167,31.09,43,61,3.81,ID,1690614165
535,altay,47.8667,88.1167,25.11,35,76,6.49,CN,1690614166
536,al qadarif,14.0349,35.3834,28.74,59,100,5.28,SD,1690614167
537,viedma,-40.8135,-62.9967,11.68,56,100,9.86,AR,1690613904
538,weno,7.4515,151.8468,29.02,76,100,6.51,FM,1690614168
539,richards bay,-28.783,32.0377,20.83,59,100,5.27,ZA,1690614168
540,ubari,26.5921,12.7805,30.92,24,76,4.7,LY,1690614169
541,sabang,5.8933,95.3214,28.43,78,66,10.61,ID,1690614169
542,novyy urgal,51.0736,132.5642,23.41,70,100,0.78,RU,1690614170
543,luderitz,-26.6481,15.1594,12.63,75,25,6.94,NA,1690614162
544,nogliki,51.8333,143.1667,11.56,98,100,3.19,RU,1690614170
545,borogontsy,62.6683,131.1683,25.64,29,5,2.14,RU,1690614171
546,omutinskiy,56.4745,67.6709,20.7,70,99,6.27,RU,1690614171
547,creel,27.75,-107.6333,15.76,45,81,1.5,MX,1690614172
548,ust-tsilma,65.441,52.1498,24.48,49,83,3.78,RU,1690614172
549,perols,43.5631,3.952,23.55,88,100,3.09,FR,1690614173
550,obock,12.25,43.0833,35.51,26,83,5.93,DJ,1690614173
551,singleton,-32.5667,151.1833,22.18,51,88,2.42,AU,1690614173
552,los altos,37.3852,-122.1141,18.18,74,0,3.09,US,1690614174
553,alta sierra,35.7291,-118.5495,17.84,43,4,2.44,US,1690614174
554,esquel,-42.9,-71.3167,4.81,98,100,2.3,AR,1690614175
555,saguenay,48.4168,-71.0657,15.06,76,75,7.72,CA,1690614047
556,mbanza-ngungu,-5.25,14.8667,19.97,71,96,1.99,CD,1690614176
557,sedro-woolley,48.5039,-122.2361,17.73,78,40,2.57,US,1690614176
558,gamay,12.3854,125.2979,28.94,73,100,5.31,PH,1690614176
559,gisborne,-38.6533,178.0042,8.08,81,8,2.35,NZ,1690614177
560,nar'yan-mar,67.6713,53.087,20.98,58,87,3.06,RU,1690614177
561,salalah,17.0151,54.0924,26.05,89,100,5.14,OM,1690614429
562,thunder bay,48.4001,-89.3168,15.99,94,100,2.06,CA,1690614178
563,vitorino freire,-4.0667,-45.1667,21.63,92,3,0.62,BR,1690614179
564,labytnangi,66.6572,66.4183,22.53,45,0,4.47,RU,1690614179
565,san carlos del zulia,9.0,-71.9135,24.63,89,100,1.09,VE,1690614179
566,north logan,41.7694,-111.8047,25.08,39,82,1.34,US,1690614010
567,pindushi,62.9152,34.58,18.26,59,0,5.48,RU,1690614180
568,egilsstadir,65.2653,-14.3948,7.95,100,100,2.57,IS,1690614181
569,xiangxiang,27.7333,112.5333,33.78,58,49,1.9,CN,1690614182
570,labrador city,52.9463,-66.9114,12.95,88,100,3.6,CA,1690614183
571,tughyl,47.7252,84.2063,19.21,66,10,3.74,KZ,1690614183
572,buka,40.8108,69.1986,38.55,13,0,3.22,UZ,1690614184
573,pyapon,16.2833,95.6833,29.89,75,87,6.95,MM,1690614184
574,pimentel,-6.8367,-79.9342,21.16,88,75,7.2,PE,1690613935
575,saynshand,44.8824,110.1163,35.51,21,0,2.01,MN,1690614185
576,prince george,53.9166,-122.753,13.47,85,0,2.06,CA,1690614034
577,rio grande,-32.035,-52.0986,3.86,76,13,2.33,BR,1690614104
578,cova figueira,14.8905,-24.2934,22.5,79,10,7.48,CV,1690614186
579,umm kaddadah,13.6017,26.6876,31.06,48,100,4.37,SD,1690614187
580,pozoblanco,38.3791,-4.8483,22.62,38,0,1.19,ES,1690614187
581,aktau,43.65,51.2,30.32,61,11,10.33,KZ,1690614188
582,kegeyli shahar,42.7767,59.6078,37.05,14,0,4.85,UZ,1690614188
583,aykhal,66.0,111.5,24.58,30,5,3.06,RU,1690614188
584,weligama,5.9667,80.4167,29.3,73,89,6.38,LK,1690614189
585,talsi,57.2456,22.5814,18.84,60,0,3.64,LV,1690614189
586,keren,15.7778,38.4581,25.86,58,100,2.92,ER,1690614190
587,pagar alam,-4.0167,103.2667,24.38,90,99,0.94,ID,1690614190
588,castillos,-34.1667,-53.8333,4.2,89,9,1.03,UY,1690614191
589,bodo,67.28,14.405,17.19,85,75,2.57,NO,1690614191
590,avare,-23.0986,-48.9258,13.79,96,15,4.27,BR,1690614112
591,cuero,29.0939,-97.2892,27.6,89,5,2.56,US,1690614192
592,kayyerkan,69.3786,87.7439,25.72,61,100,5.65,RU,1690614192
